system,exon_tx_order,chrom,g_start,g_end,len_nt,phase
CanFam3.1_model,1,NC_006610.3,18932938,18933005,68,0
CanFam3.1_model,2,NC_006610.3,18848313,18848412,100,1
CanFam3.1_model,3,NC_006610.3,18797091,18797249,159,0
CanFam3.1_model,4,NC_006610.3,18780451,18780524,74,0
CanFam3.1_model,5,NC_006610.3,18754043,18754107,65,1
CanFam3.1_model,6,NC_006610.3,18738626,18738744,119,2
CanFam3.1_model,7,NC_006610.3,18736042,18736131,90,0
CanFam3.1_model,8,NC_006610.3,18729662,18729841,180,0
CanFam3.1_model,9,NC_006610.3,18721013,18721159,147,0
CanFam3.1_model,10,NC_006610.3,18713201,18713303,103,0
CanFam3.1_model,11,NC_006610.3,18712865,18712941,77,2
CanFam3.1_model,12,NC_006610.3,18710717,18710808,92,0
CanFam3.1_model,13,NC_006610.3,18709250,18709357,108,1
CanFam3.1_model,14,NC_006610.3,18707402,18707519,118,1
CanFam3.1_model,15,NC_006610.3,18705423,18705553,131,0
CanFam3.1_model,16,NC_006610.3,18703924,18704037,114,1
CanFam3.1_model,17,NC_006610.3,18691204,18691375,172,1
CanFam3.1_model,18,NC_006610.3,18670672,18670858,187,0
CanFam3.1_model,19,NC_006610.3,18662883,18663016,134,2
CanFam3.1_model,20,NC_006610.3,18660605,18660728,124,0
CanFam3.1_model,21,NC_006610.3,18653838,18653950,113,2
CanFam3.1_model,22,NC_006610.3,18650996,18651127,132,0
CanFam3.1_model,23,NC_006610.3,18641220,18641319,100,0
CanFam3.1_model,24,NC_006610.3,18624449,18624554,106,2
CanFam3.1_model,25,NC_006610.3,18624166,18624326,161,1
CanFam3.1_model,26,NC_006610.3,18622295,18622359,65,2
VulVul3_XM_025990732.2,1,NC_132794.1,96508023,96508610,588,0
VulVul3_XM_025990732.2,2,NC_132794.1,96325500,96325567,68,0
VulVul3_XM_025990732.2,3,NC_132794.1,96241835,96241934,100,1
VulVul3_XM_025990732.2,4,NC_132794.1,96192792,96192950,159,0
VulVul3_XM_025990732.2,5,NC_132794.1,96176055,96176128,74,0
VulVul3_XM_025990732.2,6,NC_132794.1,96148889,96148953,65,1
VulVul3_XM_025990732.2,7,NC_132794.1,96133283,96133401,119,2
VulVul3_XM_025990732.2,8,NC_132794.1,96130706,96130795,90,0
VulVul3_XM_025990732.2,9,NC_132794.1,96124263,96124442,180,0
VulVul3_XM_025990732.2,10,NC_132794.1,96115931,96116077,147,0
VulVul3_XM_025990732.2,11,NC_132794.1,96108194,96108296,103,0
VulVul3_XM_025990732.2,12,NC_132794.1,96107857,96107933,77,2
VulVul3_XM_025990732.2,13,NC_132794.1,96105738,96105829,92,0
VulVul3_XM_025990732.2,14,NC_132794.1,96104281,96104388,108,1
VulVul3_XM_025990732.2,15,NC_132794.1,96102425,96102542,118,1
VulVul3_XM_025990732.2,16,NC_132794.1,96100445,96100575,131,0
VulVul3_XM_025990732.2,17,NC_132794.1,96097103,96097216,114,1
VulVul3_XM_025990732.2,18,NC_132794.1,96084614,96084785,172,1
VulVul3_XM_025990732.2,19,NC_132794.1,96064557,96064743,187,0
VulVul3_XM_025990732.2,20,NC_132794.1,96056795,96056928,134,2
VulVul3_XM_025990732.2,21,NC_132794.1,96054471,96054594,124,0
VulVul3_XM_025990732.2,22,NC_132794.1,96047669,96047781,113,2
VulVul3_XM_025990732.2,23,NC_132794.1,96044828,96044959,132,0
VulVul3_XM_025990732.2,24,NC_132794.1,96035145,96035244,100,0
VulVul3_XM_025990732.2,25,NC_132794.1,96018635,96018740,106,2
VulVul3_XM_025990732.2,26,NC_132794.1,96018352,96018512,161,1
VulVul3_XM_025990732.2,27,NC_132794.1,96016481,96016545,65,2
